-- fdw_backfill_1b.sql — generated by scripts/backfill_fdw_1b.mjs
-- Income / office / contractors / agents / ATL-OTR rosters / ATL billing.
-- Run AFTER fdw_data_warehouse.sql. Idempotent via ON CONFLICT upserts.
begin;

-- periods (seed week-ending dates so fdw_income_week FK resolves)
insert into fdw_period(period_end,period_start,is_current) values('2026-01-04','2026-01-01',false) on conflict(period_end) do nothing;
insert into fdw_period(period_end,period_start,is_current) values('2026-01-11','2026-01-01',false) on conflict(period_end) do nothing;
insert into fdw_period(period_end,period_start,is_current) values('2026-01-18','2026-01-01',false) on conflict(period_end) do nothing;
insert into fdw_period(period_end,period_start,is_current) values('2026-01-25','2026-01-01',false) on conflict(period_end) do nothing;
insert into fdw_period(period_end,period_start,is_current) values('2026-02-01','2026-01-01',false) on conflict(period_end) do nothing;
insert into fdw_period(period_end,period_start,is_current) values('2026-02-08','2026-01-01',false) on conflict(period_end) do nothing;
insert into fdw_period(period_end,period_start,is_current) values('2026-02-15','2026-01-01',false) on conflict(period_end) do nothing;
insert into fdw_period(period_end,period_start,is_current) values('2026-02-22','2026-01-01',false) on conflict(period_end) do nothing;
insert into fdw_period(period_end,period_start,is_current) values('2026-03-01','2026-01-01',false) on conflict(period_end) do nothing;
insert into fdw_period(period_end,period_start,is_current) values('2026-03-08','2026-01-01',false) on conflict(period_end) do nothing;
insert into fdw_period(period_end,period_start,is_current) values('2026-03-15','2026-01-01',false) on conflict(period_end) do nothing;
insert into fdw_period(period_end,period_start,is_current) values('2026-03-22','2026-01-01',false) on conflict(period_end) do nothing;
insert into fdw_period(period_end,period_start,is_current) values('2026-03-29','2026-01-01',false) on conflict(period_end) do nothing;
insert into fdw_period(period_end,period_start,is_current) values('2026-04-05','2026-01-01',false) on conflict(period_end) do nothing;
insert into fdw_period(period_end,period_start,is_current) values('2026-04-12','2026-01-01',false) on conflict(period_end) do nothing;
insert into fdw_period(period_end,period_start,is_current) values('2026-04-19','2026-01-01',false) on conflict(period_end) do nothing;
insert into fdw_period(period_end,period_start,is_current) values('2026-04-26','2026-01-01',false) on conflict(period_end) do nothing;
insert into fdw_period(period_end,period_start,is_current) values('2026-05-03','2026-01-01',false) on conflict(period_end) do nothing;
insert into fdw_period(period_end,period_start,is_current) values('2026-05-10','2026-01-01',false) on conflict(period_end) do nothing;
insert into fdw_period(period_end,period_start,is_current) values('2026-05-17','2026-01-01',false) on conflict(period_end) do nothing;
insert into fdw_period(period_end,period_start,is_current) values('2026-05-24','2026-01-01',false) on conflict(period_end) do nothing;
insert into fdw_period(period_end,period_start,is_current) values('2026-05-31','2026-01-01',false) on conflict(period_end) do nothing;
insert into fdw_period(period_end,period_start,is_current) values('2026-06-07','2026-01-01',false) on conflict(period_end) do nothing;
insert into fdw_period(period_end,period_start,is_current) values('2026-06-14','2026-01-01',false) on conflict(period_end) do nothing;
insert into fdw_period(period_end,period_start,is_current) values('2026-06-21','2026-01-01',false) on conflict(period_end) do nothing;
insert into fdw_period(period_end,period_start,is_current) values('2026-06-28','2026-01-01',false) on conflict(period_end) do nothing;
insert into fdw_period(period_end,period_start,is_current) values('2026-07-05','2026-01-01',true) on conflict(period_end) do nothing;

-- income by week
insert into fdw_income_week(period_end,label,ce,sf,di,revenue,cogs,gross_profit,carrier,total_exp,net_op_income,other_income,net_income) values('2026-01-04','Jan 1-4',71474.65,14362.37,1049,86886.02,34833.38,52052.64,34100,null,null,null,25492.5) on conflict(period_end) do update set label=excluded.label,ce=excluded.ce,sf=excluded.sf,di=excluded.di,revenue=excluded.revenue,cogs=excluded.cogs,gross_profit=excluded.gross_profit,carrier=excluded.carrier,net_income=excluded.net_income;
insert into fdw_income_week(period_end,label,ce,sf,di,revenue,cogs,gross_profit,carrier,total_exp,net_op_income,other_income,net_income) values('2026-01-11','Jan 5-11',103721.7,63463.93,150,167335.63,90886.2,76449.43,88060.25,null,null,null,-73568.84) on conflict(period_end) do update set label=excluded.label,ce=excluded.ce,sf=excluded.sf,di=excluded.di,revenue=excluded.revenue,cogs=excluded.cogs,gross_profit=excluded.gross_profit,carrier=excluded.carrier,net_income=excluded.net_income;
insert into fdw_income_week(period_end,label,ce,sf,di,revenue,cogs,gross_profit,carrier,total_exp,net_op_income,other_income,net_income) values('2026-01-18','Jan 12-18',164803.92,68403.04,5865.4,239072.36,142359.01,96713.35,138771.76,null,null,null,-16212.64) on conflict(period_end) do update set label=excluded.label,ce=excluded.ce,sf=excluded.sf,di=excluded.di,revenue=excluded.revenue,cogs=excluded.cogs,gross_profit=excluded.gross_profit,carrier=excluded.carrier,net_income=excluded.net_income;
insert into fdw_income_week(period_end,label,ce,sf,di,revenue,cogs,gross_profit,carrier,total_exp,net_op_income,other_income,net_income) values('2026-01-25','Jan 19-25',157601.79,89058.86,3332.85,249993.5,140523.11,109470.39,136472.5,null,null,null,-25127.46) on conflict(period_end) do update set label=excluded.label,ce=excluded.ce,sf=excluded.sf,di=excluded.di,revenue=excluded.revenue,cogs=excluded.cogs,gross_profit=excluded.gross_profit,carrier=excluded.carrier,net_income=excluded.net_income;
insert into fdw_income_week(period_end,label,ce,sf,di,revenue,cogs,gross_profit,carrier,total_exp,net_op_income,other_income,net_income) values('2026-02-01','Jan 26-F1',165858.08,79466.2,4550,249874.28,103626.59,146247.69,99818.75,null,null,null,-3909.53) on conflict(period_end) do update set label=excluded.label,ce=excluded.ce,sf=excluded.sf,di=excluded.di,revenue=excluded.revenue,cogs=excluded.cogs,gross_profit=excluded.gross_profit,carrier=excluded.carrier,net_income=excluded.net_income;
insert into fdw_income_week(period_end,label,ce,sf,di,revenue,cogs,gross_profit,carrier,total_exp,net_op_income,other_income,net_income) values('2026-02-08','Feb 2-8',355998.69,85296.04,434.85,441729.58,285088.28,156641.3,276707.25,null,null,null,19207.96) on conflict(period_end) do update set label=excluded.label,ce=excluded.ce,sf=excluded.sf,di=excluded.di,revenue=excluded.revenue,cogs=excluded.cogs,gross_profit=excluded.gross_profit,carrier=excluded.carrier,net_income=excluded.net_income;
insert into fdw_income_week(period_end,label,ce,sf,di,revenue,cogs,gross_profit,carrier,total_exp,net_op_income,other_income,net_income) values('2026-02-15','Feb 9-15',403325.58,121889.79,1035,526250.37,290293.58,235956.79,280000.5,null,null,null,63020.31) on conflict(period_end) do update set label=excluded.label,ce=excluded.ce,sf=excluded.sf,di=excluded.di,revenue=excluded.revenue,cogs=excluded.cogs,gross_profit=excluded.gross_profit,carrier=excluded.carrier,net_income=excluded.net_income;
insert into fdw_income_week(period_end,label,ce,sf,di,revenue,cogs,gross_profit,carrier,total_exp,net_op_income,other_income,net_income) values('2026-02-22','Feb 16-22',200471.24,58840.48,635.9,259947.62,138026.04,121921.58,133235,null,null,null,-67590.54) on conflict(period_end) do update set label=excluded.label,ce=excluded.ce,sf=excluded.sf,di=excluded.di,revenue=excluded.revenue,cogs=excluded.cogs,gross_profit=excluded.gross_profit,carrier=excluded.carrier,net_income=excluded.net_income;
insert into fdw_income_week(period_end,label,ce,sf,di,revenue,cogs,gross_profit,carrier,total_exp,net_op_income,other_income,net_income) values('2026-03-01','Feb 23-M1',304358.58,71016.84,4530.75,379906.17,211308.02,168598.15,204298.25,null,null,null,43510.38) on conflict(period_end) do update set label=excluded.label,ce=excluded.ce,sf=excluded.sf,di=excluded.di,revenue=excluded.revenue,cogs=excluded.cogs,gross_profit=excluded.gross_profit,carrier=excluded.carrier,net_income=excluded.net_income;
insert into fdw_income_week(period_end,label,ce,sf,di,revenue,cogs,gross_profit,carrier,total_exp,net_op_income,other_income,net_income) values('2026-03-08','Mar 2-8',286145.38,68554.2,15005,369704.58,204643.05,165061.53,198170,null,null,null,20925.01) on conflict(period_end) do update set label=excluded.label,ce=excluded.ce,sf=excluded.sf,di=excluded.di,revenue=excluded.revenue,cogs=excluded.cogs,gross_profit=excluded.gross_profit,carrier=excluded.carrier,net_income=excluded.net_income;
insert into fdw_income_week(period_end,label,ce,sf,di,revenue,cogs,gross_profit,carrier,total_exp,net_op_income,other_income,net_income) values('2026-03-15','Mar 9-15',123160.85,78440.06,70,201670.91,94093.1,107577.81,90966.5,null,null,null,-46874) on conflict(period_end) do update set label=excluded.label,ce=excluded.ce,sf=excluded.sf,di=excluded.di,revenue=excluded.revenue,cogs=excluded.cogs,gross_profit=excluded.gross_profit,carrier=excluded.carrier,net_income=excluded.net_income;
insert into fdw_income_week(period_end,label,ce,sf,di,revenue,cogs,gross_profit,carrier,total_exp,net_op_income,other_income,net_income) values('2026-03-22','Mar 16-22',557108,125457.61,880,683445.61,373473.76,309971.85,372483,null,null,null,113348.36) on conflict(period_end) do update set label=excluded.label,ce=excluded.ce,sf=excluded.sf,di=excluded.di,revenue=excluded.revenue,cogs=excluded.cogs,gross_profit=excluded.gross_profit,carrier=excluded.carrier,net_income=excluded.net_income;
insert into fdw_income_week(period_end,label,ce,sf,di,revenue,cogs,gross_profit,carrier,total_exp,net_op_income,other_income,net_income) values('2026-03-29','Mar 23-29',652624.29,187561.15,0,840185.44,399122.59,441062.85,397038.76,null,null,null,221646.74) on conflict(period_end) do update set label=excluded.label,ce=excluded.ce,sf=excluded.sf,di=excluded.di,revenue=excluded.revenue,cogs=excluded.cogs,gross_profit=excluded.gross_profit,carrier=excluded.carrier,net_income=excluded.net_income;
insert into fdw_income_week(period_end,label,ce,sf,di,revenue,cogs,gross_profit,carrier,total_exp,net_op_income,other_income,net_income) values('2026-04-05','Mar 30-A5',238980.74,153613.17,2767.68,413053.6,193730.16,219323.44,191634.46,null,null,null,54437.74) on conflict(period_end) do update set label=excluded.label,ce=excluded.ce,sf=excluded.sf,di=excluded.di,revenue=excluded.revenue,cogs=excluded.cogs,gross_profit=excluded.gross_profit,carrier=excluded.carrier,net_income=excluded.net_income;
insert into fdw_income_week(period_end,label,ce,sf,di,revenue,cogs,gross_profit,carrier,total_exp,net_op_income,other_income,net_income) values('2026-04-12','Apr 6-12',284152,135504.8,200,461936.3,229976.5,231959.8,228544.25,null,null,null,16017.14) on conflict(period_end) do update set label=excluded.label,ce=excluded.ce,sf=excluded.sf,di=excluded.di,revenue=excluded.revenue,cogs=excluded.cogs,gross_profit=excluded.gross_profit,carrier=excluded.carrier,net_income=excluded.net_income;
insert into fdw_income_week(period_end,label,ce,sf,di,revenue,cogs,gross_profit,carrier,total_exp,net_op_income,other_income,net_income) values('2026-04-19','Apr 13-19',213785.03,109382.04,729.9,357473.97,179847.02,177626.95,178386.21,null,null,null,-16291.62) on conflict(period_end) do update set label=excluded.label,ce=excluded.ce,sf=excluded.sf,di=excluded.di,revenue=excluded.revenue,cogs=excluded.cogs,gross_profit=excluded.gross_profit,carrier=excluded.carrier,net_income=excluded.net_income;
insert into fdw_income_week(period_end,label,ce,sf,di,revenue,cogs,gross_profit,carrier,total_exp,net_op_income,other_income,net_income) values('2026-04-26','Apr 20-26',289391.5,128863.11,291,475020.61,238028.54,236992.07,236591.25,null,null,null,25057.61) on conflict(period_end) do update set label=excluded.label,ce=excluded.ce,sf=excluded.sf,di=excluded.di,revenue=excluded.revenue,cogs=excluded.cogs,gross_profit=excluded.gross_profit,carrier=excluded.carrier,net_income=excluded.net_income;
insert into fdw_income_week(period_end,label,ce,sf,di,revenue,cogs,gross_profit,carrier,total_exp,net_op_income,other_income,net_income) values('2026-05-03','Apr 27-M3',460519.09,198383.54,0,721584.63,353918.32,367666.31,351777.5,null,null,null,71777.47) on conflict(period_end) do update set label=excluded.label,ce=excluded.ce,sf=excluded.sf,di=excluded.di,revenue=excluded.revenue,cogs=excluded.cogs,gross_profit=excluded.gross_profit,carrier=excluded.carrier,net_income=excluded.net_income;
insert into fdw_income_week(period_end,label,ce,sf,di,revenue,cogs,gross_profit,carrier,total_exp,net_op_income,other_income,net_income) values('2026-05-10','May 4-10',395010.95,170301.98,0,591995.23,293601.18,298394.05,291650.38,null,null,null,79646.91) on conflict(period_end) do update set label=excluded.label,ce=excluded.ce,sf=excluded.sf,di=excluded.di,revenue=excluded.revenue,cogs=excluded.cogs,gross_profit=excluded.gross_profit,carrier=excluded.carrier,net_income=excluded.net_income;
insert into fdw_income_week(period_end,label,ce,sf,di,revenue,cogs,gross_profit,carrier,total_exp,net_op_income,other_income,net_income) values('2026-05-17','May 11-17',573500.5,237565.05,629,837219.55,433899.69,403319.86,431256,null,null,null,190395.4) on conflict(period_end) do update set label=excluded.label,ce=excluded.ce,sf=excluded.sf,di=excluded.di,revenue=excluded.revenue,cogs=excluded.cogs,gross_profit=excluded.gross_profit,carrier=excluded.carrier,net_income=excluded.net_income;
insert into fdw_income_week(period_end,label,ce,sf,di,revenue,cogs,gross_profit,carrier,total_exp,net_op_income,other_income,net_income) values('2026-05-24','May 18-24',619783.65,141802.81,945.86,784311.67,405122.62,379189.05,403415.27,null,null,null,100835.51) on conflict(period_end) do update set label=excluded.label,ce=excluded.ce,sf=excluded.sf,di=excluded.di,revenue=excluded.revenue,cogs=excluded.cogs,gross_profit=excluded.gross_profit,carrier=excluded.carrier,net_income=excluded.net_income;
insert into fdw_income_week(period_end,label,ce,sf,di,revenue,cogs,gross_profit,carrier,total_exp,net_op_income,other_income,net_income) values('2026-05-31','May 25-31',235869.96,145103.06,15832.86,438633.13,179861.07,258772.06,178132,null,null,null,-103605.08) on conflict(period_end) do update set label=excluded.label,ce=excluded.ce,sf=excluded.sf,di=excluded.di,revenue=excluded.revenue,cogs=excluded.cogs,gross_profit=excluded.gross_profit,carrier=excluded.carrier,net_income=excluded.net_income;
insert into fdw_income_week(period_end,label,ce,sf,di,revenue,cogs,gross_profit,carrier,total_exp,net_op_income,other_income,net_income) values('2026-06-07','Jun 1-7',150520,122912.56,3036,307673.56,119513.26,188160.3,117797.5,null,null,null,15977.64) on conflict(period_end) do update set label=excluded.label,ce=excluded.ce,sf=excluded.sf,di=excluded.di,revenue=excluded.revenue,cogs=excluded.cogs,gross_profit=excluded.gross_profit,carrier=excluded.carrier,net_income=excluded.net_income;
insert into fdw_income_week(period_end,label,ce,sf,di,revenue,cogs,gross_profit,carrier,total_exp,net_op_income,other_income,net_income) values('2026-06-14','Jun 8-14',269034.5,187119.5,241.45,498582.95,232326.22,266256.73,229810,null,null,null,-5865.56) on conflict(period_end) do update set label=excluded.label,ce=excluded.ce,sf=excluded.sf,di=excluded.di,revenue=excluded.revenue,cogs=excluded.cogs,gross_profit=excluded.gross_profit,carrier=excluded.carrier,net_income=excluded.net_income;
insert into fdw_income_week(period_end,label,ce,sf,di,revenue,cogs,gross_profit,carrier,total_exp,net_op_income,other_income,net_income) values('2026-06-21','Jun 15-21',307631.62,109161.45,366,418836.45,259768.95,159067.5,258198.75,null,null,null,-18679.55) on conflict(period_end) do update set label=excluded.label,ce=excluded.ce,sf=excluded.sf,di=excluded.di,revenue=excluded.revenue,cogs=excluded.cogs,gross_profit=excluded.gross_profit,carrier=excluded.carrier,net_income=excluded.net_income;
insert into fdw_income_week(period_end,label,ce,sf,di,revenue,cogs,gross_profit,carrier,total_exp,net_op_income,other_income,net_income) values('2026-06-28','Jun 22-28',1003807,287846.81,250,1338712.94,781020.74,557692.2,777342.25,null,null,null,247747.51) on conflict(period_end) do update set label=excluded.label,ce=excluded.ce,sf=excluded.sf,di=excluded.di,revenue=excluded.revenue,cogs=excluded.cogs,gross_profit=excluded.gross_profit,carrier=excluded.carrier,net_income=excluded.net_income;
insert into fdw_income_week(period_end,label,ce,sf,di,revenue,cogs,gross_profit,carrier,total_exp,net_op_income,other_income,net_income) values('2026-07-05','Jun 29-J5',425411.75,208623.73,400,659483.73,337069.09,322414.64,333738.75,null,null,null,-31114.73) on conflict(period_end) do update set label=excluded.label,ce=excluded.ce,sf=excluded.sf,di=excluded.di,revenue=excluded.revenue,cogs=excluded.cogs,gross_profit=excluded.gross_profit,carrier=excluded.carrier,net_income=excluded.net_income;

-- income by month (2026 from INCOME_2026.months; 2025 from MONTHLY_REVENUE)
insert into fdw_income_month(month_key,label,is_partial,ce,sf,di,revenue,gross_profit,net_income) values('2026-01','Jan 26',false,663460.14,314754.4,14947.25,993161.79,480933.5,-92214.12) on conflict(month_key) do update set label=excluded.label,is_partial=excluded.is_partial,ce=excluded.ce,sf=excluded.sf,di=excluded.di,revenue=excluded.revenue,gross_profit=excluded.gross_profit,net_income=excluded.net_income;
insert into fdw_income_month(month_key,label,is_partial,ce,sf,di,revenue,gross_profit,net_income) values('2026-02','Feb 26',false,1264154.09,337043.15,6636.5,1607833.74,683117.82,60883.96) on conflict(month_key) do update set label=excluded.label,is_partial=excluded.is_partial,ce=excluded.ce,sf=excluded.sf,di=excluded.di,revenue=excluded.revenue,gross_profit=excluded.gross_profit,net_income=excluded.net_income;
insert into fdw_income_month(month_key,label,is_partial,ce,sf,di,revenue,gross_profit,net_income) values('2026-03','Mar 26',false,1734333.27,522550.51,18161.7,2290040.48,1113857.96,349980.48) on conflict(month_key) do update set label=excluded.label,is_partial=excluded.is_partial,ce=excluded.ce,sf=excluded.sf,di=excluded.di,revenue=excluded.revenue,gross_profit=excluded.gross_profit,net_income=excluded.net_income;
insert into fdw_income_month(month_key,label,is_partial,ce,sf,di,revenue,gross_profit,net_income) values('2026-04','Apr 26',false,1325895.61,643584.16,1781.88,2160721.16,1107479.39,219330.3) on conflict(month_key) do update set label=excluded.label,is_partial=excluded.is_partial,ce=excluded.ce,sf=excluded.sf,di=excluded.di,revenue=excluded.revenue,gross_profit=excluded.gross_profit,net_income=excluded.net_income;
insert into fdw_income_month(month_key,label,is_partial,ce,sf,di,revenue,gross_profit,net_income) values('2026-05','May 26',false,1869803.06,714397.91,17407.72,2725473.59,1375580.28,154158.71) on conflict(month_key) do update set label=excluded.label,is_partial=excluded.is_partial,ce=excluded.ce,sf=excluded.sf,di=excluded.di,revenue=excluded.revenue,gross_profit=excluded.gross_profit,net_income=excluded.net_income;
insert into fdw_income_month(month_key,label,is_partial,ce,sf,di,revenue,gross_profit,net_income) values('2026-06','Jun 26',false,1958288.12,836401.58,4293.45,2940492.16,1371139.43,222012.5) on conflict(month_key) do update set label=excluded.label,is_partial=excluded.is_partial,ce=excluded.ce,sf=excluded.sf,di=excluded.di,revenue=excluded.revenue,gross_profit=excluded.gross_profit,net_income=excluded.net_income;
insert into fdw_income_month(month_key,label,is_partial,ce,sf,di,revenue,gross_profit,net_income) values('2026-07','Jul 26',true,198116.75,79262.47,0,282797.47,122451.94,-81063.08) on conflict(month_key) do update set label=excluded.label,is_partial=excluded.is_partial,ce=excluded.ce,sf=excluded.sf,di=excluded.di,revenue=excluded.revenue,gross_profit=excluded.gross_profit,net_income=excluded.net_income;
insert into fdw_income_month(month_key,label,is_partial,ce,sf,di,revenue,gross_profit,net_income) values('2025-01','Jan 25',false,497382.58,292888,1711.95,791982.53,425681.7,null) on conflict(month_key) do update set label=excluded.label,ce=excluded.ce,sf=excluded.sf,di=excluded.di,revenue=excluded.revenue,gross_profit=excluded.gross_profit;
insert into fdw_income_month(month_key,label,is_partial,ce,sf,di,revenue,gross_profit,net_income) values('2025-02','Feb 25',false,686500.11,292092.07,9952.7,988544.88,497290.85,null) on conflict(month_key) do update set label=excluded.label,ce=excluded.ce,sf=excluded.sf,di=excluded.di,revenue=excluded.revenue,gross_profit=excluded.gross_profit;
insert into fdw_income_month(month_key,label,is_partial,ce,sf,di,revenue,gross_profit,net_income) values('2025-03','Mar 25',false,592210.9,284544.97,289.8,877045.67,431962.46,null) on conflict(month_key) do update set label=excluded.label,ce=excluded.ce,sf=excluded.sf,di=excluded.di,revenue=excluded.revenue,gross_profit=excluded.gross_profit;
insert into fdw_income_month(month_key,label,is_partial,ce,sf,di,revenue,gross_profit,net_income) values('2025-04','Apr 25',false,869265.27,358950.85,5760.98,1233977.1,717272.72,null) on conflict(month_key) do update set label=excluded.label,ce=excluded.ce,sf=excluded.sf,di=excluded.di,revenue=excluded.revenue,gross_profit=excluded.gross_profit;
insert into fdw_income_month(month_key,label,is_partial,ce,sf,di,revenue,gross_profit,net_income) values('2025-05','May 25',false,862538.86,538481.33,3702.65,1404722.84,759321.74,null) on conflict(month_key) do update set label=excluded.label,ce=excluded.ce,sf=excluded.sf,di=excluded.di,revenue=excluded.revenue,gross_profit=excluded.gross_profit;
insert into fdw_income_month(month_key,label,is_partial,ce,sf,di,revenue,gross_profit,net_income) values('2025-06','Jun 25',false,938510.81,481709.97,6187.5,1426408.28,742241.86,null) on conflict(month_key) do update set label=excluded.label,ce=excluded.ce,sf=excluded.sf,di=excluded.di,revenue=excluded.revenue,gross_profit=excluded.gross_profit;
insert into fdw_income_month(month_key,label,is_partial,ce,sf,di,revenue,gross_profit,net_income) values('2025-07','Jul 25',false,527972.77,300008.34,13759.82,841740.93,485307.97,null) on conflict(month_key) do update set label=excluded.label,ce=excluded.ce,sf=excluded.sf,di=excluded.di,revenue=excluded.revenue,gross_profit=excluded.gross_profit;
insert into fdw_income_month(month_key,label,is_partial,ce,sf,di,revenue,gross_profit,net_income) values('2025-08','Aug 25',false,410166.07,264170.48,28767.54,703104.09,398559.76,null) on conflict(month_key) do update set label=excluded.label,ce=excluded.ce,sf=excluded.sf,di=excluded.di,revenue=excluded.revenue,gross_profit=excluded.gross_profit;
insert into fdw_income_month(month_key,label,is_partial,ce,sf,di,revenue,gross_profit,net_income) values('2025-09','Sep 25',false,1076320.01,302688.84,22451.73,1401460.58,687931.95,null) on conflict(month_key) do update set label=excluded.label,ce=excluded.ce,sf=excluded.sf,di=excluded.di,revenue=excluded.revenue,gross_profit=excluded.gross_profit;
insert into fdw_income_month(month_key,label,is_partial,ce,sf,di,revenue,gross_profit,net_income) values('2025-10','Oct 25',false,1395076.43,349400.22,1679.6,1746156.25,822352.46,null) on conflict(month_key) do update set label=excluded.label,ce=excluded.ce,sf=excluded.sf,di=excluded.di,revenue=excluded.revenue,gross_profit=excluded.gross_profit;
insert into fdw_income_month(month_key,label,is_partial,ce,sf,di,revenue,gross_profit,net_income) values('2025-11','Nov 25',false,1005762.3,259241.07,14476.99,1279480.36,591933.37,null) on conflict(month_key) do update set label=excluded.label,ce=excluded.ce,sf=excluded.sf,di=excluded.di,revenue=excluded.revenue,gross_profit=excluded.gross_profit;
insert into fdw_income_month(month_key,label,is_partial,ce,sf,di,revenue,gross_profit,net_income) values('2025-12','Dec 25',false,943893.79,232991.76,40732.01,1222781.06,460955.04,null) on conflict(month_key) do update set label=excluded.label,ce=excluded.ce,sf=excluded.sf,di=excluded.di,revenue=excluded.revenue,gross_profit=excluded.gross_profit;

-- office + warehouse W-2 snapshot (period_end = 2026-07-05)
insert into fdw_office_payroll_snapshot(name,period_end,entity_id,kind,gross,taxes,contrib,total_cost,salary,bonus,reimb,commission,active) values('Adrian Arias','2026-07-05','sf','office',44618.66,4751.03,1776.74,51146.43,42796,1622.66,200,0,true) on conflict(name,period_end) do update set entity_id=excluded.entity_id,kind=excluded.kind,gross=excluded.gross,taxes=excluded.taxes,contrib=excluded.contrib,total_cost=excluded.total_cost,salary=excluded.salary,bonus=excluded.bonus,reimb=excluded.reimb,commission=excluded.commission,active=excluded.active;
insert into fdw_office_payroll_snapshot(name,period_end,entity_id,kind,gross,taxes,contrib,total_cost,salary,bonus,reimb,commission,active) values('Gabriel Gonzalez','2026-07-05','sf','office',30484.83,3285.33,0,33770.16,30203.83,250,31,0,true) on conflict(name,period_end) do update set entity_id=excluded.entity_id,kind=excluded.kind,gross=excluded.gross,taxes=excluded.taxes,contrib=excluded.contrib,total_cost=excluded.total_cost,salary=excluded.salary,bonus=excluded.bonus,reimb=excluded.reimb,commission=excluded.commission,active=excluded.active;
insert into fdw_office_payroll_snapshot(name,period_end,entity_id,kind,gross,taxes,contrib,total_cost,salary,bonus,reimb,commission,active) values('Scot Grosser','2026-07-05','sf','office',34174.31,2727.6,1157.33,38059.24,-533.42,5640.22,67.09,0,true) on conflict(name,period_end) do update set entity_id=excluded.entity_id,kind=excluded.kind,gross=excluded.gross,taxes=excluded.taxes,contrib=excluded.contrib,total_cost=excluded.total_cost,salary=excluded.salary,bonus=excluded.bonus,reimb=excluded.reimb,commission=excluded.commission,active=excluded.active;
insert into fdw_office_payroll_snapshot(name,period_end,entity_id,kind,gross,taxes,contrib,total_cost,salary,bonus,reimb,commission,active) values('Bartosz Naruszewicz','2026-07-05','sf','office',16647.3,1814.94,0,18462.24,16647.3,0,0,0,true) on conflict(name,period_end) do update set entity_id=excluded.entity_id,kind=excluded.kind,gross=excluded.gross,taxes=excluded.taxes,contrib=excluded.contrib,total_cost=excluded.total_cost,salary=excluded.salary,bonus=excluded.bonus,reimb=excluded.reimb,commission=excluded.commission,active=excluded.active;
insert into fdw_office_payroll_snapshot(name,period_end,entity_id,kind,gross,taxes,contrib,total_cost,salary,bonus,reimb,commission,active) values('Cecilia Rivera','2026-07-05','sf','office',35210,3787.07,1406.6,40403.67,33625,1540,45,0,true) on conflict(name,period_end) do update set entity_id=excluded.entity_id,kind=excluded.kind,gross=excluded.gross,taxes=excluded.taxes,contrib=excluded.contrib,total_cost=excluded.total_cost,salary=excluded.salary,bonus=excluded.bonus,reimb=excluded.reimb,commission=excluded.commission,active=excluded.active;
insert into fdw_office_payroll_snapshot(name,period_end,entity_id,kind,gross,taxes,contrib,total_cost,salary,bonus,reimb,commission,active) values('Nathan Youngblood','2026-07-05','sf','office',31200,3364.8,0,34564.8,31200,0,0,0,true) on conflict(name,period_end) do update set entity_id=excluded.entity_id,kind=excluded.kind,gross=excluded.gross,taxes=excluded.taxes,contrib=excluded.contrib,total_cost=excluded.total_cost,salary=excluded.salary,bonus=excluded.bonus,reimb=excluded.reimb,commission=excluded.commission,active=excluded.active;
insert into fdw_office_payroll_snapshot(name,period_end,entity_id,kind,gross,taxes,contrib,total_cost,salary,bonus,reimb,commission,active) values('Tasha Mahan','2026-07-05','sf','office',6500,731.25,0,7231.25,6500,0,0,0,true) on conflict(name,period_end) do update set entity_id=excluded.entity_id,kind=excluded.kind,gross=excluded.gross,taxes=excluded.taxes,contrib=excluded.contrib,total_cost=excluded.total_cost,salary=excluded.salary,bonus=excluded.bonus,reimb=excluded.reimb,commission=excluded.commission,active=excluded.active;
insert into fdw_office_payroll_snapshot(name,period_end,entity_id,kind,gross,taxes,contrib,total_cost,salary,bonus,reimb,commission,active) values('Antionette Wilson','2026-07-05','sf','office',2260,254.25,0,2514.25,2260,0,0,0,true) on conflict(name,period_end) do update set entity_id=excluded.entity_id,kind=excluded.kind,gross=excluded.gross,taxes=excluded.taxes,contrib=excluded.contrib,total_cost=excluded.total_cost,salary=excluded.salary,bonus=excluded.bonus,reimb=excluded.reimb,commission=excluded.commission,active=excluded.active;
insert into fdw_office_payroll_snapshot(name,period_end,entity_id,kind,gross,taxes,contrib,total_cost,salary,bonus,reimb,commission,active) values('Valeria Abrego','2026-07-05','ja','office',21550.1,2266.42,0,23816.52,20985.1,0,565,0,true) on conflict(name,period_end) do update set entity_id=excluded.entity_id,kind=excluded.kind,gross=excluded.gross,taxes=excluded.taxes,contrib=excluded.contrib,total_cost=excluded.total_cost,salary=excluded.salary,bonus=excluded.bonus,reimb=excluded.reimb,commission=excluded.commission,active=excluded.active;
insert into fdw_office_payroll_snapshot(name,period_end,entity_id,kind,gross,taxes,contrib,total_cost,salary,bonus,reimb,commission,active) values('Christopher Adamson','2026-07-05','ja','office',44000,4697.15,1760,50457.15,44000,0,0,0,true) on conflict(name,period_end) do update set entity_id=excluded.entity_id,kind=excluded.kind,gross=excluded.gross,taxes=excluded.taxes,contrib=excluded.contrib,total_cost=excluded.total_cost,salary=excluded.salary,bonus=excluded.bonus,reimb=excluded.reimb,commission=excluded.commission,active=excluded.active;
insert into fdw_office_payroll_snapshot(name,period_end,entity_id,kind,gross,taxes,contrib,total_cost,salary,bonus,reimb,commission,active) values('Debra Adamson','2026-07-05','ja','office',8750,934.68,0,9684.68,8750,0,0,0,false) on conflict(name,period_end) do update set entity_id=excluded.entity_id,kind=excluded.kind,gross=excluded.gross,taxes=excluded.taxes,contrib=excluded.contrib,total_cost=excluded.total_cost,salary=excluded.salary,bonus=excluded.bonus,reimb=excluded.reimb,commission=excluded.commission,active=excluded.active;
insert into fdw_office_payroll_snapshot(name,period_end,entity_id,kind,gross,taxes,contrib,total_cost,salary,bonus,reimb,commission,active) values('Elizabeth Delgado','2026-07-05','ja','office',8541.11,852.13,0,9393.24,5940,0,898.35,1702.76,false) on conflict(name,period_end) do update set entity_id=excluded.entity_id,kind=excluded.kind,gross=excluded.gross,taxes=excluded.taxes,contrib=excluded.contrib,total_cost=excluded.total_cost,salary=excluded.salary,bonus=excluded.bonus,reimb=excluded.reimb,commission=excluded.commission,active=excluded.active;
insert into fdw_office_payroll_snapshot(name,period_end,entity_id,kind,gross,taxes,contrib,total_cost,salary,bonus,reimb,commission,active) values('Abigail Dillon','2026-07-05','ja','office',3596.13,402.77,0,3998.9,3596.13,0,0,0,true) on conflict(name,period_end) do update set entity_id=excluded.entity_id,kind=excluded.kind,gross=excluded.gross,taxes=excluded.taxes,contrib=excluded.contrib,total_cost=excluded.total_cost,salary=excluded.salary,bonus=excluded.bonus,reimb=excluded.reimb,commission=excluded.commission,active=excluded.active;
insert into fdw_office_payroll_snapshot(name,period_end,entity_id,kind,gross,taxes,contrib,total_cost,salary,bonus,reimb,commission,active) values('Biniyam Fissehaye','2026-07-05','ja','office',19077.07,2045.4,0,21122.47,18900,0,177.07,0,false) on conflict(name,period_end) do update set entity_id=excluded.entity_id,kind=excluded.kind,gross=excluded.gross,taxes=excluded.taxes,contrib=excluded.contrib,total_cost=excluded.total_cost,salary=excluded.salary,bonus=excluded.bonus,reimb=excluded.reimb,commission=excluded.commission,active=excluded.active;
insert into fdw_office_payroll_snapshot(name,period_end,entity_id,kind,gross,taxes,contrib,total_cost,salary,bonus,reimb,commission,active) values('Harold Galvis','2026-07-05','ja','office',5650,632.81,0,6282.81,5650,0,0,0,true) on conflict(name,period_end) do update set entity_id=excluded.entity_id,kind=excluded.kind,gross=excluded.gross,taxes=excluded.taxes,contrib=excluded.contrib,total_cost=excluded.total_cost,salary=excluded.salary,bonus=excluded.bonus,reimb=excluded.reimb,commission=excluded.commission,active=excluded.active;
insert into fdw_office_payroll_snapshot(name,period_end,entity_id,kind,gross,taxes,contrib,total_cost,salary,bonus,reimb,commission,active) values('Kidist Gelaw','2026-07-05','ja','office',4520,506.25,0,5026.25,4520,0,0,0,true) on conflict(name,period_end) do update set entity_id=excluded.entity_id,kind=excluded.kind,gross=excluded.gross,taxes=excluded.taxes,contrib=excluded.contrib,total_cost=excluded.total_cost,salary=excluded.salary,bonus=excluded.bonus,reimb=excluded.reimb,commission=excluded.commission,active=excluded.active;
insert into fdw_office_payroll_snapshot(name,period_end,entity_id,kind,gross,taxes,contrib,total_cost,salary,bonus,reimb,commission,active) values('Kirsten Hall','2026-07-05','ja','office',2250,252.01,0,2502.01,2250,0,0,0,false) on conflict(name,period_end) do update set entity_id=excluded.entity_id,kind=excluded.kind,gross=excluded.gross,taxes=excluded.taxes,contrib=excluded.contrib,total_cost=excluded.total_cost,salary=excluded.salary,bonus=excluded.bonus,reimb=excluded.reimb,commission=excluded.commission,active=excluded.active;
insert into fdw_office_payroll_snapshot(name,period_end,entity_id,kind,gross,taxes,contrib,total_cost,salary,bonus,reimb,commission,active) values('Ben Hoffman','2026-07-05','ja','office',35210.16,3752.01,376.95,39339.12,35000.16,0,210,0,true) on conflict(name,period_end) do update set entity_id=excluded.entity_id,kind=excluded.kind,gross=excluded.gross,taxes=excluded.taxes,contrib=excluded.contrib,total_cost=excluded.total_cost,salary=excluded.salary,bonus=excluded.bonus,reimb=excluded.reimb,commission=excluded.commission,active=excluded.active;
insert into fdw_office_payroll_snapshot(name,period_end,entity_id,kind,gross,taxes,contrib,total_cost,salary,bonus,reimb,commission,active) values('Joshua Law','2026-07-05','ja','office',2906.17,258.47,0,3164.64,2906.17,0,0,0,true) on conflict(name,period_end) do update set entity_id=excluded.entity_id,kind=excluded.kind,gross=excluded.gross,taxes=excluded.taxes,contrib=excluded.contrib,total_cost=excluded.total_cost,salary=excluded.salary,bonus=excluded.bonus,reimb=excluded.reimb,commission=excluded.commission,active=excluded.active;
insert into fdw_office_payroll_snapshot(name,period_end,entity_id,kind,gross,taxes,contrib,total_cost,salary,bonus,reimb,commission,active) values('Branden Parnell','2026-07-05','ja','office',5769.2,646.15,0,6415.35,5769.2,0,0,0,false) on conflict(name,period_end) do update set entity_id=excluded.entity_id,kind=excluded.kind,gross=excluded.gross,taxes=excluded.taxes,contrib=excluded.contrib,total_cost=excluded.total_cost,salary=excluded.salary,bonus=excluded.bonus,reimb=excluded.reimb,commission=excluded.commission,active=excluded.active;
insert into fdw_office_payroll_snapshot(name,period_end,entity_id,kind,gross,taxes,contrib,total_cost,salary,bonus,reimb,commission,active) values('Ayelen Sanchez','2026-07-05','ja','office',1809.26,198.25,0,2007.51,1770,0,39.26,0,false) on conflict(name,period_end) do update set entity_id=excluded.entity_id,kind=excluded.kind,gross=excluded.gross,taxes=excluded.taxes,contrib=excluded.contrib,total_cost=excluded.total_cost,salary=excluded.salary,bonus=excluded.bonus,reimb=excluded.reimb,commission=excluded.commission,active=excluded.active;
insert into fdw_office_payroll_snapshot(name,period_end,entity_id,kind,gross,taxes,contrib,total_cost,salary,bonus,reimb,commission,active) values('Christopher Simpson','2026-07-05','ja','office',8998.46,961.01,359.94,10319.41,6300,0,0,2698.46,false) on conflict(name,period_end) do update set entity_id=excluded.entity_id,kind=excluded.kind,gross=excluded.gross,taxes=excluded.taxes,contrib=excluded.contrib,total_cost=excluded.total_cost,salary=excluded.salary,bonus=excluded.bonus,reimb=excluded.reimb,commission=excluded.commission,active=excluded.active;
insert into fdw_office_payroll_snapshot(name,period_end,entity_id,kind,gross,taxes,contrib,total_cost,salary,bonus,reimb,commission,active) values('Gentry Eagleton','2026-07-05','sf','warehouse',22620.5,2440.43,0,25060.93,null,null,null,null,true) on conflict(name,period_end) do update set entity_id=excluded.entity_id,kind=excluded.kind,gross=excluded.gross,taxes=excluded.taxes,contrib=excluded.contrib,total_cost=excluded.total_cost,salary=excluded.salary,bonus=excluded.bonus,reimb=excluded.reimb,commission=excluded.commission,active=excluded.active;
insert into fdw_office_payroll_snapshot(name,period_end,entity_id,kind,gross,taxes,contrib,total_cost,salary,bonus,reimb,commission,active) values('Andres Figueroa','2026-07-05','sf','warehouse',40262.5,4266.07,0,44528.57,null,null,null,null,true) on conflict(name,period_end) do update set entity_id=excluded.entity_id,kind=excluded.kind,gross=excluded.gross,taxes=excluded.taxes,contrib=excluded.contrib,total_cost=excluded.total_cost,salary=excluded.salary,bonus=excluded.bonus,reimb=excluded.reimb,commission=excluded.commission,active=excluded.active;

-- contractors + agents snapshot (period_end = 2026-07-05)
insert into fdw_contractor_snapshot(name,period_end,role,dba,weekly,weekly_total,car_total,commission,health_total,other,total,active,trust) values('Jon Marcus Zengotita','2026-07-05','contractor','',2800,72800,2100,0,0,0,74900,true,'high') on conflict(name,period_end) do update set role=excluded.role,dba=excluded.dba,weekly=excluded.weekly,weekly_total=excluded.weekly_total,car_total=excluded.car_total,commission=excluded.commission,health_total=excluded.health_total,other=excluded.other,total=excluded.total,active=excluded.active;
insert into fdw_contractor_snapshot(name,period_end,role,dba,weekly,weekly_total,car_total,commission,health_total,other,total,active,trust) values('Mellody Abrego','2026-07-05','contractor','Neon Vibes Enterprise',2250,56700,2694.02,5133.21,9576.84,0,74104.07,true,'high') on conflict(name,period_end) do update set role=excluded.role,dba=excluded.dba,weekly=excluded.weekly,weekly_total=excluded.weekly_total,car_total=excluded.car_total,commission=excluded.commission,health_total=excluded.health_total,other=excluded.other,total=excluded.total,active=excluded.active;
insert into fdw_contractor_snapshot(name,period_end,role,dba,weekly,weekly_total,car_total,commission,health_total,other,total,active,trust) values('Gabriel Colon','2026-07-05','contractor','',0,55495.88,0,0,0,0,55495.88,true,'high') on conflict(name,period_end) do update set role=excluded.role,dba=excluded.dba,weekly=excluded.weekly,weekly_total=excluded.weekly_total,car_total=excluded.car_total,commission=excluded.commission,health_total=excluded.health_total,other=excluded.other,total=excluded.total,active=excluded.active;
insert into fdw_contractor_snapshot(name,period_end,role,dba,weekly,weekly_total,car_total,commission,health_total,other,total,active,trust) values('Hilda Salman','2026-07-05','contractor','Salman Enterprises LLC',1730,44980,0,0,3089.32,0,48069.32,true,'high') on conflict(name,period_end) do update set role=excluded.role,dba=excluded.dba,weekly=excluded.weekly,weekly_total=excluded.weekly_total,car_total=excluded.car_total,commission=excluded.commission,health_total=excluded.health_total,other=excluded.other,total=excluded.total,active=excluded.active;
insert into fdw_contractor_snapshot(name,period_end,role,dba,weekly,weekly_total,car_total,commission,health_total,other,total,active,trust) values('Maria Con','2026-07-05','contractor','',650,15250,0,0,0,0,15250,true,'high') on conflict(name,period_end) do update set role=excluded.role,dba=excluded.dba,weekly=excluded.weekly,weekly_total=excluded.weekly_total,car_total=excluded.car_total,commission=excluded.commission,health_total=excluded.health_total,other=excluded.other,total=excluded.total,active=excluded.active;
insert into fdw_contractor_snapshot(name,period_end,role,dba,weekly,weekly_total,car_total,commission,health_total,other,total,active,trust) values('Logic Consultants','2026-07-05','contractor','Logic Consultants LLC / Prestige Development',500,12500,0,0,0,0,12500,true,'high') on conflict(name,period_end) do update set role=excluded.role,dba=excluded.dba,weekly=excluded.weekly,weekly_total=excluded.weekly_total,car_total=excluded.car_total,commission=excluded.commission,health_total=excluded.health_total,other=excluded.other,total=excluded.total,active=excluded.active;
insert into fdw_contractor_snapshot(name,period_end,role,dba,weekly,weekly_total,car_total,commission,health_total,other,total,active,trust) values('ENM Trucking','2026-07-05','contractor','ENM Trucking LLC (Biniyam Fissehaye)',1850,14800,0,0,0,0,14800,true,'high') on conflict(name,period_end) do update set role=excluded.role,dba=excluded.dba,weekly=excluded.weekly,weekly_total=excluded.weekly_total,car_total=excluded.car_total,commission=excluded.commission,health_total=excluded.health_total,other=excluded.other,total=excluded.total,active=excluded.active;
insert into fdw_contractor_snapshot(name,period_end,role,dba,weekly,weekly_total,car_total,commission,health_total,other,total,active,trust) values('Elizabeth Delgado','2026-07-05','contractor','',900,17100,0,3597.62,0,131.99,20829.61,true,'high') on conflict(name,period_end) do update set role=excluded.role,dba=excluded.dba,weekly=excluded.weekly,weekly_total=excluded.weekly_total,car_total=excluded.car_total,commission=excluded.commission,health_total=excluded.health_total,other=excluded.other,total=excluded.total,active=excluded.active;
insert into fdw_contractor_snapshot(name,period_end,role,dba,weekly,weekly_total,car_total,commission,health_total,other,total,active,trust) values('Christopher Simpson','2026-07-05','contractor','',834.97,16289.58,0,2551.2,1398.54,0,20239.32,true,'high') on conflict(name,period_end) do update set role=excluded.role,dba=excluded.dba,weekly=excluded.weekly,weekly_total=excluded.weekly_total,car_total=excluded.car_total,commission=excluded.commission,health_total=excluded.health_total,other=excluded.other,total=excluded.total,active=excluded.active;
insert into fdw_contractor_snapshot(name,period_end,role,dba,weekly,weekly_total,car_total,commission,health_total,other,total,active,trust) values('Debra Adamson','2026-07-05','contractor','',1750,25214.73,0,0,1398.54,984.97,27598.24,true,'high') on conflict(name,period_end) do update set role=excluded.role,dba=excluded.dba,weekly=excluded.weekly,weekly_total=excluded.weekly_total,car_total=excluded.car_total,commission=excluded.commission,health_total=excluded.health_total,other=excluded.other,total=excluded.total,active=excluded.active;
insert into fdw_contractor_snapshot(name,period_end,role,dba,weekly,weekly_total,car_total,commission,health_total,other,total,active,trust) values('Kevin Deveraux','2026-07-05','agent','Nixon Graye Associates',500,2500,0,0,0,0,2500,true,'high') on conflict(name,period_end) do update set role=excluded.role,dba=excluded.dba,weekly=excluded.weekly,weekly_total=excluded.weekly_total,car_total=excluded.car_total,commission=excluded.commission,health_total=excluded.health_total,other=excluded.other,total=excluded.total,active=excluded.active;

-- ATL + OTR per-week rosters
insert into fdw_op_weekly(op,week_start,week_end,drivers,contractors,driver_pay,driver_hours,fuel_amt,fuel_gallons,contractor_pay,note,trust) values('atl','2026-05-04','2026-05-10','["Davis Anthoni D","Denman Samuel E","Wainwright Michael W"]'::jsonb,'[{"name":"Mellody Abrego","entity":"Neon Vibes Enterprise (pre-rate-change at $2,150/wk)","base":2150,"commission":0,"car":0,"health":368.34,"total":2518.34},{"name":"Biniyam Fissehaye","entity":"J&A W2 (last week before 1099 transition)","total":1902.31}]'::jsonb,6966.01,188.81,3928.05,699,4420.65,'First ATL week. Mellody at $2,150/wk pre-rate-change. Bini''s final W2 phase.','high') on conflict(op,week_start) do update set week_end=excluded.week_end,drivers=excluded.drivers,contractors=excluded.contractors,driver_pay=excluded.driver_pay,driver_hours=excluded.driver_hours,fuel_amt=excluded.fuel_amt,fuel_gallons=excluded.fuel_gallons,contractor_pay=excluded.contractor_pay,note=excluded.note;
insert into fdw_op_weekly(op,week_start,week_end,drivers,contractors,driver_pay,driver_hours,fuel_amt,fuel_gallons,contractor_pay,note,trust) values('atl','2026-05-11','2026-05-17','["Davis Anthoni D","Denman Samuel E","Wainwright Michael W","Alshamaa Manar","Tucker Robert","Johnson Christopher"]'::jsonb,'[{"name":"Mellody Abrego","entity":"Neon Vibes Enterprise (1 paycheck for May 11-17 work, paid May 22)","base":2250,"commission":300,"car":0,"health":368.34,"total":2918.34},{"name":"ENM Trucking LLC","entity":"ENM Trucking LLC (Biniyam Fissehaye 1099 phase)","total":1850}]'::jsonb,9499.3,268.84,5424.06,933.69,4768.34,'Denman + Mellody ATL this week only (week-to-week designation).','high') on conflict(op,week_start) do update set week_end=excluded.week_end,drivers=excluded.drivers,contractors=excluded.contractors,driver_pay=excluded.driver_pay,driver_hours=excluded.driver_hours,fuel_amt=excluded.fuel_amt,fuel_gallons=excluded.fuel_gallons,contractor_pay=excluded.contractor_pay,note=excluded.note;
insert into fdw_op_weekly(op,week_start,week_end,drivers,contractors,driver_pay,driver_hours,fuel_amt,fuel_gallons,contractor_pay,note,trust) values('atl','2026-05-18','2026-05-24','["Davis Anthoni D","Wainwright Michael W","Alshamaa Manar","Tucker Robert","Johnson Christopher"]'::jsonb,'[{"name":"ENM Trucking LLC","entity":"ENM Trucking LLC","total":1850}]'::jsonb,11168.86,350,8591.14,1548.71,1850,'Exact deltas from weekly drop (May 24 vs May 16 PAYROLL/FUEL).','high') on conflict(op,week_start) do update set week_end=excluded.week_end,drivers=excluded.drivers,contractors=excluded.contractors,driver_pay=excluded.driver_pay,driver_hours=excluded.driver_hours,fuel_amt=excluded.fuel_amt,fuel_gallons=excluded.fuel_gallons,contractor_pay=excluded.contractor_pay,note=excluded.note;
insert into fdw_op_weekly(op,week_start,week_end,drivers,contractors,driver_pay,driver_hours,fuel_amt,fuel_gallons,contractor_pay,note,trust) values('atl','2026-05-25','2026-05-31','["Davis Anthoni D","Wainwright Michael W","Alshamaa Manar","Tucker Robert","Johnson Christopher"]'::jsonb,'[{"name":"ENM Trucking LLC","entity":"ENM Trucking LLC","total":1850}]'::jsonb,11019.19,356.33,5167.53,919.8,1850,'Partial week — labor/fuel YTDs cover only Mon May 25 – Fri May 29 (5 days). Sat May 30 + Sun May 31 will land in next weekly drop.','high') on conflict(op,week_start) do update set week_end=excluded.week_end,drivers=excluded.drivers,contractors=excluded.contractors,driver_pay=excluded.driver_pay,driver_hours=excluded.driver_hours,fuel_amt=excluded.fuel_amt,fuel_gallons=excluded.fuel_gallons,contractor_pay=excluded.contractor_pay,note=excluded.note;
insert into fdw_op_weekly(op,week_start,week_end,drivers,contractors,driver_pay,driver_hours,fuel_amt,fuel_gallons,contractor_pay,note,trust) values('atl','2026-06-01','2026-06-07','["Alshamaa Manar","Johnson Christopher","Logan LaDyle","Tucker Robert","Wainwright Michael W"]'::jsonb,'[{"name":"ENM Trucking LLC","entity":"ENM Trucking LLC","total":1850}]'::jsonb,9107.42,304.72,7100.53,1333.86,1850,'Davis OFF ATL → CE/SF. Logan LaDyle joined (new SF W2 driver, first paycheck this week). Mon Jun 1 – Fri Jun 5 only (5 days; payroll/EFS close Fri).','high') on conflict(op,week_start) do update set week_end=excluded.week_end,drivers=excluded.drivers,contractors=excluded.contractors,driver_pay=excluded.driver_pay,driver_hours=excluded.driver_hours,fuel_amt=excluded.fuel_amt,fuel_gallons=excluded.fuel_gallons,contractor_pay=excluded.contractor_pay,note=excluded.note;
insert into fdw_op_weekly(op,week_start,week_end,drivers,contractors,driver_pay,driver_hours,fuel_amt,fuel_gallons,contractor_pay,note,trust) values('atl','2026-06-08','2026-06-14','["Alshamaa Manar","Johnson Christopher","Logan LaDyle","Tucker Robert","Wainwright Michael W"]'::jsonb,'[{"name":"ENM Trucking LLC","entity":"ENM Trucking LLC","total":1850}]'::jsonb,11056.32,362.18,5370.5,1033.77,1850,'Same roster as prior week. Mon Jun 8 – Fri Jun 12 (5 days; payroll/EFS close Fri Jun 12).','high') on conflict(op,week_start) do update set week_end=excluded.week_end,drivers=excluded.drivers,contractors=excluded.contractors,driver_pay=excluded.driver_pay,driver_hours=excluded.driver_hours,fuel_amt=excluded.fuel_amt,fuel_gallons=excluded.fuel_gallons,contractor_pay=excluded.contractor_pay,note=excluded.note;
insert into fdw_op_weekly(op,week_start,week_end,drivers,contractors,driver_pay,driver_hours,fuel_amt,fuel_gallons,contractor_pay,note,trust) values('atl','2026-06-15','2026-06-21','["Alshamaa Manar","Johnson Christopher","Logan LaDyle","Tucker Robert","Wainwright Michael W"]'::jsonb,'[{"name":"ENM Trucking LLC","entity":"ENM Trucking LLC","total":1850}]'::jsonb,10464.34,328.99,7834.55,1608.18,1850,'Same roster as prior week (Ben confirmed). Mon Jun 15 – Fri Jun 19 (5 days; payroll/EFS close Fri Jun 19). Mellody no longer ATL — ENM Trucking is the only ATL contractor.','high') on conflict(op,week_start) do update set week_end=excluded.week_end,drivers=excluded.drivers,contractors=excluded.contractors,driver_pay=excluded.driver_pay,driver_hours=excluded.driver_hours,fuel_amt=excluded.fuel_amt,fuel_gallons=excluded.fuel_gallons,contractor_pay=excluded.contractor_pay,note=excluded.note;
insert into fdw_op_weekly(op,week_start,week_end,drivers,contractors,driver_pay,driver_hours,fuel_amt,fuel_gallons,contractor_pay,note,trust) values('atl','2026-06-22','2026-06-28','["Alshamaa Manar","Johnson Christopher","Logan LaDyle","Tucker Robert","Wainwright Michael W"]'::jsonb,'[{"name":"ENM Trucking LLC","entity":"ENM Trucking LLC","total":1850}]'::jsonb,9323.37,309.32,5883.41,1276.01,1850,'Same roster. Mon Jun 22 – Fri Jun 26 (5 days; payroll/EFS close Fri Jun 26).','high') on conflict(op,week_start) do update set week_end=excluded.week_end,drivers=excluded.drivers,contractors=excluded.contractors,driver_pay=excluded.driver_pay,driver_hours=excluded.driver_hours,fuel_amt=excluded.fuel_amt,fuel_gallons=excluded.fuel_gallons,contractor_pay=excluded.contractor_pay,note=excluded.note;
insert into fdw_op_weekly(op,week_start,week_end,drivers,contractors,driver_pay,driver_hours,fuel_amt,fuel_gallons,contractor_pay,note,trust) values('atl','2026-06-29','2026-07-05','["Johnson Christopher","Logan LaDyle","Tucker Robert","Wainwright Michael W","Pacitti Michael R"]'::jsonb,'[{"name":"ENM Trucking LLC","entity":"ENM Trucking LLC","total":1850}]'::jsonb,9393.5,282.25,6210.17,1347.45,1850,'Mon Jun 29 – Fri Jul 3 (payroll/EFS close). Roster: CJ/LaDyle/Tucker/Wainwright + Pacitti (moved from OTR to ATL this week). All figures exact (Pacitti pay from PaycheckHistory × loaded factor, fuel from card 87455 txns). Agent Kevin $500 separate (not in ATL total).','high') on conflict(op,week_start) do update set week_end=excluded.week_end,drivers=excluded.drivers,contractors=excluded.contractors,driver_pay=excluded.driver_pay,driver_hours=excluded.driver_hours,fuel_amt=excluded.fuel_amt,fuel_gallons=excluded.fuel_gallons,contractor_pay=excluded.contractor_pay,note=excluded.note;
insert into fdw_op_weekly(op,week_start,week_end,drivers,contractors,driver_pay,driver_hours,fuel_amt,fuel_gallons,contractor_pay,note,trust) values('otr','2026-06-22','2026-06-28','["Baker Anthony","Dawson Brian","Pacitti Michael R"]'::jsonb,'[]'::jsonb,7435.23,75.09,9476.55,1973.82,0,'OTR launch week. Amounts are YTD-to-first-appearance in payroll/EFS. Per-week deltas from next drop forward.','high') on conflict(op,week_start) do update set week_end=excluded.week_end,drivers=excluded.drivers,contractors=excluded.contractors,driver_pay=excluded.driver_pay,driver_hours=excluded.driver_hours,fuel_amt=excluded.fuel_amt,fuel_gallons=excluded.fuel_gallons,contractor_pay=excluded.contractor_pay,note=excluded.note;
insert into fdw_op_weekly(op,week_start,week_end,drivers,contractors,driver_pay,driver_hours,fuel_amt,fuel_gallons,contractor_pay,note,trust) values('otr','2026-06-29','2026-07-05','["Baker Anthony","Dawson Brian"]'::jsonb,'[]'::jsonb,5237.09,0,3080.09,647.33,0,'Mon Jun 29 – Fri Jul 3. Pacitti moved to ATL this week (not here). Baker/Dawson exact from PaycheckHistory + EFS cards 27450/17451.','high') on conflict(op,week_start) do update set week_end=excluded.week_end,drivers=excluded.drivers,contractors=excluded.contractors,driver_pay=excluded.driver_pay,driver_hours=excluded.driver_hours,fuel_amt=excluded.fuel_amt,fuel_gallons=excluded.fuel_gallons,contractor_pay=excluded.contractor_pay,note=excluded.note;

-- ATL load-level billing (period_end = 2026-07-05)
insert into fdw_atl_billing(period_end,loads,revenue,carrier_pay,gross_profit,gross_margin,by_driver) values('2026-07-05',120,289297.64,88871.25,200426.39,69.3,'[{"name":"Davis Anthoni D","short":"Anthoni","loads":9,"revenue":28200,"carrier":16460,"gross":11740},{"name":"Wainwright Michael W","short":"Michael","loads":9,"revenue":21500,"carrier":7372.5,"gross":14127.5},{"name":"Tucker Robert","short":"Robert","loads":8,"revenue":18675,"carrier":3461.25,"gross":15213.75},{"name":"Alshamaa Manar","short":"Manar","loads":5,"revenue":18350,"carrier":8180,"gross":10170},{"name":"Johnson Christopher","short":"CJ","loads":8,"revenue":15100,"carrier":1300,"gross":13800},{"name":"Denman Samuel E","short":"Sam","loads":7,"revenue":13850,"carrier":5800,"gross":8050}]'::jsonb) on conflict(period_end) do update set loads=excluded.loads,revenue=excluded.revenue,carrier_pay=excluded.carrier_pay,gross_profit=excluded.gross_profit,gross_margin=excluded.gross_margin,by_driver=excluded.by_driver;

commit;
